-- Product Data --

insert into product (productid, productname, description, price, qtyinstock) values (1, 'Beer - Tetleys', 'Fruit', '97.86', 24);
insert into product (productid, productname, description, price, qtyinstock) values (2, 'Chicken Breast Wing On', 'Dry Goods', '77.93', 38);
insert into product (productid, productname, description, price, qtyinstock) values (3, 'Wine - Gato Negro Cabernet', 'Baking', '99.51', 79);
insert into product (productid, productname, description, price, qtyinstock) values (4, 'Dome Lid Clear P92008h', 'Baking', '89.64', 46);
insert into product (productid, productname, description, price, qtyinstock) values (5, 'Icecream - Dstk Super Cone', 'Baking', '3.04', 53);
insert into product (productid, productname, description, price, qtyinstock) values (6, 'Tarts Assorted', 'Fruit', '10.80', 52);
insert into product (productid, productname, description, price, qtyinstock) values (7, 'Beer - Mcauslan Apricot', 'Dry Goods', '74.53', 19);
insert into product (productid, productname, description, price, qtyinstock) values (8, 'Rice - Jasmine Sented', 'Vegetable', '53.11', 25);
insert into product (productid, productname, description, price, qtyinstock) values (9, 'Soup - Campbells Tomato Ravioli', 'Baking', '99.61', 90);
insert into product (productid, productname, description, price, qtyinstock) values (10, 'Salmon - Whole, 4 - 6 Pounds', 'Dry Goods', '91.25', 71);
insert into product (productid, productname, description, price, qtyinstock) values (11, 'Beer - Sleemans Honey Brown', 'Dry Goods', '68.50', 81);
insert into product (productid, productname, description, price, qtyinstock) values (12, 'Broom And Broom Rack White', 'Vegetable', '90.81', 79);
insert into product (productid, productname, description, price, qtyinstock) values (13, 'Rabbit - Whole', 'Baking', '21.24', 19);
insert into product (productid, productname, description, price, qtyinstock) values (14, 'Bread - Crusty Italian Poly', 'Fruit', '48.96', 63);
insert into product (productid, productname, description, price, qtyinstock) values (15, 'Pork - Bacon Cooked Slcd', 'Vegetable', '26.58', 15);
insert into product (productid, productname, description, price, qtyinstock) values (16, 'Vinegar - Balsamic, White', 'Fruit', '22.41', 33);
insert into product (productid, productname, description, price, qtyinstock) values (17, 'Grenadillo', 'Baking', '22.96', 28);
insert into product (productid, productname, description, price, qtyinstock) values (18, 'English Muffin', 'Fruit', '3.17', 55);
insert into product (productid, productname, description, price, qtyinstock) values (19, 'Plastic Wrap', 'Vegetable', '15.94', 86);
insert into product (productid, productname, description, price, qtyinstock) values (20, 'Pasta - Fettuccine, Dry', 'Vegetable', '13.52', 100);
insert into product (productid, productname, description, price, qtyinstock) values (21, 'Pail - 15l White, With Handle', 'Dry Goods', '61.70', 65);
insert into product (productid, productname, description, price, qtyinstock) values (22, 'Soup - Canadian Pea, Dry Mix', 'Vegetable', '80.41', 38);
insert into product (productid, productname, description, price, qtyinstock) values (23, 'Flower - Daisies', 'Vegetable', '68.34', 4);
insert into product (productid, productname, description, price, qtyinstock) values (24, 'Ice - Clear, 300 Lb For Carving', 'Baking', '44.82', 69);
insert into product (productid, productname, description, price, qtyinstock) values (25, 'Fruit Salad Deluxe', 'Vegetable', '61.64', 88);
insert into product (productid, productname, description, price, qtyinstock) values (26, 'Spice - Peppercorn Melange', 'Vegetable', '27.93', 98);
insert into product (productid, productname, description, price, qtyinstock) values (27, 'Beef - Bones, Cut - Up', 'Baking', '5.97', 14);
insert into product (productid, productname, description, price, qtyinstock) values (28, 'Cheese - Shred Cheddar / Mozza', 'Fruit', '20.63', 54);
insert into product (productid, productname, description, price, qtyinstock) values (29, 'Milk - 2% 250 Ml', 'Baking', '36.93', 70);
insert into product (productid, productname, description, price, qtyinstock) values (30, 'Chinese Lemon Pork', 'Fruit', '31.88', 83);
insert into product (productid, productname, description, price, qtyinstock) values (31, 'Crab - Claws, Snow 16 - 24', 'Vegetable', '50.73', 37);
insert into product (productid, productname, description, price, qtyinstock) values (32, 'Lettuce - Green Leaf', 'Baking', '63.98', 7);
insert into product (productid, productname, description, price, qtyinstock) values (33, 'Pepper - Green', 'Vegetable', '21.96', 32);
insert into product (productid, productname, description, price, qtyinstock) values (34, 'Veal - Provimi Inside', 'Fruit', '20.21', 76);
insert into product (productid, productname, description, price, qtyinstock) values (35, 'Fiddlehead - Frozen', 'Fruit', '55.57', 88);
insert into product (productid, productname, description, price, qtyinstock) values (36, 'Spinach - Packaged', 'Dry Goods', '52.11', 78);
insert into product (productid, productname, description, price, qtyinstock) values (37, 'Island Oasis - Wildberry', 'Dry Goods', '91.06', 87);
insert into product (productid, productname, description, price, qtyinstock) values (38, 'Chicken - Base', 'Vegetable', '76.25', 21);
insert into product (productid, productname, description, price, qtyinstock) values (39, 'Hagen Daza - Dk Choocolate', 'Fruit', '58.89', 85);
insert into product (productid, productname, description, price, qtyinstock) values (40, 'Chips Potato Salt Vinegar 43g', 'Fruit', '42.32', 74);
insert into product (productid, productname, description, price, qtyinstock) values (41, 'Parsley - Fresh', 'Fruit', '51.08', 30);
insert into product (productid, productname, description, price, qtyinstock) values (42, 'Soup - Knorr, Chicken Gumbo', 'Dry Goods', '85.33', 42);
insert into product (productid, productname, description, price, qtyinstock) values (43, 'Tea - Apple Green Tea', 'Fruit', '90.70', 51);
insert into product (productid, productname, description, price, qtyinstock) values (44, 'Beef - Inside Round', 'Vegetable', '27.83', 8);
insert into product (productid, productname, description, price, qtyinstock) values (45, 'Pork Salted Bellies', 'Vegetable', '77.03', 77);
insert into product (productid, productname, description, price, qtyinstock) values (46, 'Beer - Blue', 'Vegetable', '53.70', 60);
insert into product (productid, productname, description, price, qtyinstock) values (47, 'Tilapia - Fillets', 'Fruit', '31.86', 60);
insert into product (productid, productname, description, price, qtyinstock) values (48, 'Strawberries - California', 'Vegetable', '25.61', 74);
insert into product (productid, productname, description, price, qtyinstock) values (49, 'Sauce - Marinara', 'Dry Goods', '63.40', 97);
insert into product (productid, productname, description, price, qtyinstock) values (50, 'Sugar - Palm', 'Dry Goods', '70.68', 78);
insert into product (productid, productname, description, price, qtyinstock) values (51, 'Daikon Radish', 'Baking', '48.55', 93);
insert into product (productid, productname, description, price, qtyinstock) values (52, 'Wine - Red, Gallo, Merlot', 'Dry Goods', '89.22', 27);
insert into product (productid, productname, description, price, qtyinstock) values (53, 'Oats Large Flake', 'Vegetable', '26.08', 31);
insert into product (productid, productname, description, price, qtyinstock) values (54, 'Beef - Ground Medium', 'Fruit', '40.83', 76);
insert into product (productid, productname, description, price, qtyinstock) values (55, 'Appetizer - Asian Shrimp Roll', 'Fruit', '91.58', 25);
insert into product (productid, productname, description, price, qtyinstock) values (56, 'Energy Drink - Franks Pineapple', 'Baking', '8.65', 63);
insert into product (productid, productname, description, price, qtyinstock) values (57, 'Coffee - Almond Amaretto', 'Vegetable', '6.12', 44);
insert into product (productid, productname, description, price, qtyinstock) values (58, 'Coconut - Shredded, Unsweet', 'Fruit', '78.95', 52);
insert into product (productid, productname, description, price, qtyinstock) values (59, 'Chicken - Leg, Boneless', 'Dry Goods', '84.39', 74);
insert into product (productid, productname, description, price, qtyinstock) values (60, 'Sauce - Roasted Red Pepper', 'Vegetable', '6.52', 68);
insert into product (productid, productname, description, price, qtyinstock) values (61, 'Cup - 8oz Coffee Perforated', 'Baking', '95.41', 40);
insert into product (productid, productname, description, price, qtyinstock) values (62, 'Chef Hat 20cm', 'Dry Goods', '37.80', 3);
insert into product (productid, productname, description, price, qtyinstock) values (63, 'Lettuce Romaine Chopped', 'Dry Goods', '90.27', 2);
insert into product (productid, productname, description, price, qtyinstock) values (64, 'Sesame Seed Black', 'Vegetable', '17.04', 12);
insert into product (productid, productname, description, price, qtyinstock) values (65, 'Dome Lid Clear P92008h', 'Baking', '89.65', 36);
insert into product (productid, productname, description, price, qtyinstock) values (66, 'Juice - Apple Cider', 'Fruit', '98.24', 86);
insert into product (productid, productname, description, price, qtyinstock) values (67, 'Petit Baguette', 'Fruit', '36.85', 74);
insert into product (productid, productname, description, price, qtyinstock) values (68, 'Muffin Puck Ww Carrot', 'Vegetable', '67.46', 3);
insert into product (productid, productname, description, price, qtyinstock) values (69, 'Wine - Port Late Bottled Vintage', 'Dry Goods', '2.30', 78);
insert into product (productid, productname, description, price, qtyinstock) values (70, 'Pastry - Plain Baked Croissant', 'Baking', '7.98', 23);
insert into product (productid, productname, description, price, qtyinstock) values (71, 'Appetizer - Chicken Satay', 'Dry Goods', '59.95', 50);
insert into product (productid, productname, description, price, qtyinstock) values (72, 'Salt - Sea', 'Baking', '81.51', 21);
insert into product (productid, productname, description, price, qtyinstock) values (73, 'Hummus - Spread', 'Vegetable', '54.29', 86);
insert into product (productid, productname, description, price, qtyinstock) values (74, 'Sprouts - Brussel', 'Baking', '8.80', 48);
insert into product (productid, productname, description, price, qtyinstock) values (75, 'Flower - Leather Leaf Fern', 'Dry Goods', '43.17', 47);
insert into product (productid, productname, description, price, qtyinstock) values (76, 'Sour Cream', 'Vegetable', '73.37', 40);
insert into product (productid, productname, description, price, qtyinstock) values (77, 'Pasta - Fusili Tri - Coloured', 'Dry Goods', '35.26', 100);
insert into product (productid, productname, description, price, qtyinstock) values (78, 'Pie Filling - Cherry', 'Baking', '6.63', 41);
insert into product (productid, productname, description, price, qtyinstock) values (79, 'Nut - Pecan, Halves', 'Vegetable', '80.06', 83);
insert into product (productid, productname, description, price, qtyinstock) values (80, 'Lid Coffeecup 12oz D9542b', 'Baking', '24.17', 97);
insert into product (productid, productname, description, price, qtyinstock) values (81, 'Mushroom - King Eryingii', 'Fruit', '67.78', 16);
insert into product (productid, productname, description, price, qtyinstock) values (82, 'Onion Powder', 'Fruit', '97.85', 93);
insert into product (productid, productname, description, price, qtyinstock) values (83, 'Syrup - Golden, Lyles', 'Baking', '34.85', 62);
insert into product (productid, productname, description, price, qtyinstock) values (84, 'Lamb - Whole Head Off', 'Dry Goods', '36.07', 33);
insert into product (productid, productname, description, price, qtyinstock) values (85, 'Wine - Sherry Dry Sack, William', 'Baking', '53.30', 7);
insert into product (productid, productname, description, price, qtyinstock) values (86, 'Salmon - Atlantic, No Skin', 'Baking', '28.66', 12);
insert into product (productid, productname, description, price, qtyinstock) values (87, 'Pan Grease', 'Fruit', '44.39', 18);
insert into product (productid, productname, description, price, qtyinstock) values (88, 'Cheese - Brie', 'Fruit', '42.60', 32);
insert into product (productid, productname, description, price, qtyinstock) values (89, 'Spinach - Frozen', 'Fruit', '48.67', 65);
insert into product (productid, productname, description, price, qtyinstock) values (90, 'Chicken - Ground', 'Baking', '86.57', 25);
insert into product (productid, productname, description, price, qtyinstock) values (91, 'Bread - Italian Corn Meal Poly', 'Fruit', '3.99', 83);
insert into product (productid, productname, description, price, qtyinstock) values (92, 'Longos - Chicken Curried', 'Dry Goods', '75.30', 26);
insert into product (productid, productname, description, price, qtyinstock) values (93, 'Wine - Red, Cooking', 'Vegetable', '54.34', 60);
insert into product (productid, productname, description, price, qtyinstock) values (94, 'Water - Tonic', 'Fruit', '49.01', 37);
insert into product (productid, productname, description, price, qtyinstock) values (95, 'Apron', 'Fruit', '13.71', 4);
insert into product (productid, productname, description, price, qtyinstock) values (96, 'Sauce - Sesame Thai Dressing', 'Baking', '23.15', 11);
insert into product (productid, productname, description, price, qtyinstock) values (97, 'Lid Coffee Cup 8oz Blk', 'Fruit', '50.71', 100);
insert into product (productid, productname, description, price, qtyinstock) values (98, 'Pie Filling - Cherry', 'Vegetable', '4.47', 20);
insert into product (productid, productname, description, price, qtyinstock) values (99, 'Strawberries', 'Fruit', '4.39', 76);
insert into product (productid, productname, description, price, qtyinstock) values (100, 'Thermometer Digital', 'Fruit', '83.98', 97);

-- SupplierData--

insert into supplier (supplierid, suppliername, address, city, state, zipcode, phonenumber) values (1, 'Realfire', '4 Sunfield Alley', 'Mansfield', 'OH', 84530, '419-519-9552');
insert into supplier (supplierid, suppliername, address, city, state, zipcode, phonenumber) values (2, 'Browsezoom', '4626 Nevada Center', 'Montgomery', 'AL', 27674, '334-428-3564');
insert into supplier (supplierid, suppliername, address, city, state, zipcode, phonenumber) values (3, 'Jabberstorm', '2 Dawn Terrace', 'North Port', 'FL', 79856, '941-407-7779');
insert into supplier (supplierid, suppliername, address, city, state, zipcode, phonenumber) values (4, 'Trudoo', '94450 Randy Parkway', 'Tacoma', 'WA', 25827, '253-364-1504');
insert into supplier (supplierid, suppliername, address, city, state, zipcode, phonenumber) values (5, 'Jaxworks', '973 Huxley Junction', 'Denver', 'CO', 17085, '720-617-3949');
insert into supplier (supplierid, suppliername, address, city, state, zipcode, phonenumber) values (6, 'Linktype', '166 Westport Park', 'Houston', 'TX', 17472, '832-327-1655');
insert into supplier (supplierid, suppliername, address, city, state, zipcode, phonenumber) values (7, 'Kaymbo', '6 Shasta Way', 'Wichita', 'KS', 33615, '316-113-6381');
insert into supplier (supplierid, suppliername, address, city, state, zipcode, phonenumber) values (8, 'Kamba', '4 Mitchell Court', 'Philadelphia', 'PA', 38385, '215-302-7339');
insert into supplier (supplierid, suppliername, address, city, state, zipcode, phonenumber) values (9, 'Realfire', '17508 Grim Way', 'San Antonio', 'TX', 81949, '210-380-8412');
insert into supplier (supplierid, suppliername, address, city, state, zipcode, phonenumber) values (10, 'Roombo', '081 Merry Point', 'Saint Louis', 'MO', 77934, '314-946-5511');
insert into supplier (supplierid, suppliername, address, city, state, zipcode, phonenumber) values (11, 'Centimia', '0 Express Park', 'Charlotte', 'NC', 75040, '704-586-2182');
insert into supplier (supplierid, suppliername, address, city, state, zipcode, phonenumber) values (12, 'Quamba', '9339 Haas Center', 'Buffalo', 'NY', 17418, '716-459-3580');
insert into supplier (supplierid, suppliername, address, city, state, zipcode, phonenumber) values (13, 'Wikibox', '1 Norway Maple Park', 'Ogden', 'UT', 98690, '801-334-4501');
insert into supplier (supplierid, suppliername, address, city, state, zipcode, phonenumber) values (14, 'Leenti', '2 Mayfield Park', 'Huntsville', 'AL', 84897, '256-903-6315');
insert into supplier (supplierid, suppliername, address, city, state, zipcode, phonenumber) values (15, 'Dabjam', '2 Longview Lane', 'Memphis', 'TN', 72747, '901-777-1396');
insert into supplier (supplierid, suppliername, address, city, state, zipcode, phonenumber) values (16, 'Yakitri', '3668 Monica Plaza', 'Brooklyn', 'NY', 97752, '718-416-9948');
insert into supplier (supplierid, suppliername, address, city, state, zipcode, phonenumber) values (17, 'Skidoo', '03722 Jay Plaza', 'Wilmington', 'DE', 85152, '302-332-0920');
insert into supplier (supplierid, suppliername, address, city, state, zipcode, phonenumber) values (18, 'Ailane', '76 Melody Hill', 'Lake Charles', 'LA', 46661, '337-821-4935');
insert into supplier (supplierid, suppliername, address, city, state, zipcode, phonenumber) values (19, 'Rhycero', '5 Dahle Hill', 'Stockton', 'CA', 56872, '209-123-9059');
insert into supplier (supplierid, suppliername, address, city, state, zipcode, phonenumber) values (20, 'Realfire', '872 Daystar Lane', 'Orlando', 'FL', 64614, '407-994-6568');
insert into supplier (supplierid, suppliername, address, city, state, zipcode, phonenumber) values (21, 'Rhybox', '9629 Bayside Lane', 'Texarkana', 'TX', 96984, '903-970-5801');
insert into supplier (supplierid, suppliername, address, city, state, zipcode, phonenumber) values (22, 'Flashset', '029 Hansons Lane', 'Wilmington', 'DE', 94433, '302-587-5076');
insert into supplier (supplierid, suppliername, address, city, state, zipcode, phonenumber) values (23, 'Skinix', '666 Parkside Place', 'New Orleans', 'LA', 25254, '504-788-1167');
insert into supplier (supplierid, suppliername, address, city, state, zipcode, phonenumber) values (24, 'Blognation', '896 Fairview Way', 'New York City', 'NY', 85446, '347-424-3303');
insert into supplier (supplierid, suppliername, address, city, state, zipcode, phonenumber) values (25, 'Fiveclub', '41062 Corry Avenue', 'Pasadena', 'CA', 60895, '626-895-0813');

--Shopper Data--

insert into shopper (shopperid, firstname, lastname, billingaddress, billingcity, billingstate, billingzip, shippingaddress, shippingcity, shippingstate, shippingzipcode, phonenumber, paymethod) values (1, 'Van', 'Gurrado', '557 Thackeray Street', 'Tuscaloosa', 'AL', 42376, '4774 Ridgeway Crossing', 'El Paso', 'TX', 69362, '205-497-5149', 'Cash');
insert into shopper (shopperid, firstname, lastname, billingaddress, billingcity, billingstate, billingzip, shippingaddress, shippingcity, shippingstate, shippingzipcode, phonenumber, paymethod) values (2, 'Bay', 'Giroldo', '5125 Sachtjen Alley', 'Conroe', 'TX', 66055, '0 Esker Alley', 'Montgomery', 'AL', 95734, '936-579-3633', 'Card');
insert into shopper (shopperid, firstname, lastname, billingaddress, billingcity, billingstate, billingzip, shippingaddress, shippingcity, shippingstate, shippingzipcode, phonenumber, paymethod) values (3, 'Ryley', 'Kop', '16 Crowley Crossing', 'Rochester', 'NY', 13303, '6699 Bultman Way', 'Savannah', 'GA', 20466, '585-479-1617', 'Card');
insert into shopper (shopperid, firstname, lastname, billingaddress, billingcity, billingstate, billingzip, shippingaddress, shippingcity, shippingstate, shippingzipcode, phonenumber, paymethod) values (4, 'Gilbert', 'O''Sheilds', '530 Barby Parkway', 'Boise', 'ID', 46442, '9647 Bunting Center', 'Crawfordsville', 'IN', 69213, '208-950-0510', 'Card');
insert into shopper (shopperid, firstname, lastname, billingaddress, billingcity, billingstate, billingzip, shippingaddress, shippingcity, shippingstate, shippingzipcode, phonenumber, paymethod) values (5, 'Gaylene', 'Winckle', '9 Village Plaza', 'Utica', 'NY', 10416, '85932 Bunting Road', 'Topeka', 'KS', 97747, '315-446-8033', 'Cash');
insert into shopper (shopperid, firstname, lastname, billingaddress, billingcity, billingstate, billingzip, shippingaddress, shippingcity, shippingstate, shippingzipcode, phonenumber, paymethod) values (6, 'Brandon', 'Bauman', '80090 Dennis Pass', 'Atlanta', 'GA', 57205, '10240 Farragut Pass', 'Mesquite', 'TX', 34108, '404-758-7849', 'Cash');
insert into shopper (shopperid, firstname, lastname, billingaddress, billingcity, billingstate, billingzip, shippingaddress, shippingcity, shippingstate, shippingzipcode, phonenumber, paymethod) values (7, 'Alley', 'Volcker', '90 School Place', 'Saint Paul', 'MN', 99027, '09 Laurel Junction', 'Austin', 'TX', 17853, '651-352-1703', 'Cash');
insert into shopper (shopperid, firstname, lastname, billingaddress, billingcity, billingstate, billingzip, shippingaddress, shippingcity, shippingstate, shippingzipcode, phonenumber, paymethod) values (8, 'Christoph', 'Dalyiel', '5 Northland Street', 'Arlington', 'TX', 88361, '40749 Scoville Junction', 'Dallas', 'TX', 78946, '817-708-8861', 'Check');
insert into shopper (shopperid, firstname, lastname, billingaddress, billingcity, billingstate, billingzip, shippingaddress, shippingcity, shippingstate, shippingzipcode, phonenumber, paymethod) values (9, 'Kimmie', 'Petzold', '8847 Steensland Trail', 'Grand Forks', 'ND', 97876, '29 Loomis Alley', 'Sioux Falls', 'SD', 69024, '701-380-0385', 'Cash');
insert into shopper (shopperid, firstname, lastname, billingaddress, billingcity, billingstate, billingzip, shippingaddress, shippingcity, shippingstate, shippingzipcode, phonenumber, paymethod) values (10, 'Lily', 'Tennison', '39 Dovetail Avenue', 'Denver', 'CO', 99750, '0103 Tennyson Pass', 'El Paso', 'TX', 78905, '303-100-5997', 'Cash');

--supplierproduct Join Table data--

insert into supplierproducts (productid, supplierid) values (39, 16);
insert into supplierproducts (productid, supplierid) values (38, 14);
insert into supplierproducts (productid, supplierid) values (98, 22);
insert into supplierproducts (productid, supplierid) values (72, 7);
insert into supplierproducts (productid, supplierid) values (51, 20);
insert into supplierproducts (productid, supplierid) values (47, 6);
insert into supplierproducts (productid, supplierid) values (82, 10);
insert into supplierproducts (productid, supplierid) values (2, 19);
insert into supplierproducts (productid, supplierid) values (1, 25);
insert into supplierproducts (productid, supplierid) values (51, 25);
insert into supplierproducts (productid, supplierid) values (52, 5);
insert into supplierproducts (productid, supplierid) values (89, 21);
insert into supplierproducts (productid, supplierid) values (37, 9);
insert into supplierproducts (productid, supplierid) values (33, 3);
insert into supplierproducts (productid, supplierid) values (67, 3);
insert into supplierproducts (productid, supplierid) values (77, 8);
insert into supplierproducts (productid, supplierid) values (14, 12);
insert into supplierproducts (productid, supplierid) values (74, 2);
insert into supplierproducts (productid, supplierid) values (27, 2);
insert into supplierproducts (productid, supplierid) values (66, 3);
insert into supplierproducts (productid, supplierid) values (97, 19);
insert into supplierproducts (productid, supplierid) values (70, 15);
insert into supplierproducts (productid, supplierid) values (37, 11);
insert into supplierproducts (productid, supplierid) values (38, 25);
insert into supplierproducts (productid, supplierid) values (38, 16);
insert into supplierproducts (productid, supplierid) values (46, 17);
insert into supplierproducts (productid, supplierid) values (85, 19);
insert into supplierproducts (productid, supplierid) values (23, 21);
insert into supplierproducts (productid, supplierid) values (85, 18);
insert into supplierproducts (productid, supplierid) values (6, 10);
insert into supplierproducts (productid, supplierid) values (96, 22);
insert into supplierproducts (productid, supplierid) values (29, 16);
insert into supplierproducts (productid, supplierid) values (97, 20);
insert into supplierproducts (productid, supplierid) values (97, 10);
insert into supplierproducts (productid, supplierid) values (5, 15);
insert into supplierproducts (productid, supplierid) values (97, 16);
insert into supplierproducts (productid, supplierid) values (32, 2);
insert into supplierproducts (productid, supplierid) values (72, 15);
insert into supplierproducts (productid, supplierid) values (89, 15);
insert into supplierproducts (productid, supplierid) values (56, 23);
insert into supplierproducts (productid, supplierid) values (32, 20);
insert into supplierproducts (productid, supplierid) values (91, 6);
insert into supplierproducts (productid, supplierid) values (53, 10);
insert into supplierproducts (productid, supplierid) values (15, 24);
insert into supplierproducts (productid, supplierid) values (8, 24);
insert into supplierproducts (productid, supplierid) values (5, 5);
insert into supplierproducts (productid, supplierid) values (91, 1);
insert into supplierproducts (productid, supplierid) values (98, 17);
insert into supplierproducts (productid, supplierid) values (93, 16);
insert into supplierproducts (productid, supplierid) values (91, 20);
insert into supplierproducts (productid, supplierid) values (78, 23);
insert into supplierproducts (productid, supplierid) values (14, 23);
insert into supplierproducts (productid, supplierid) values (38, 7);
insert into supplierproducts (productid, supplierid) values (77, 13);
insert into supplierproducts (productid, supplierid) values (46, 21);
insert into supplierproducts (productid, supplierid) values (39, 25);
insert into supplierproducts (productid, supplierid) values (89, 4);
insert into supplierproducts (productid, supplierid) values (75, 11);
insert into supplierproducts (productid, supplierid) values (59, 3);
insert into supplierproducts (productid, supplierid) values (69, 8);
insert into supplierproducts (productid, supplierid) values (21, 21);
insert into supplierproducts (productid, supplierid) values (50, 16);
insert into supplierproducts (productid, supplierid) values (52, 21);
insert into supplierproducts (productid, supplierid) values (91, 12);
insert into supplierproducts (productid, supplierid) values (69, 24);
insert into supplierproducts (productid, supplierid) values (33, 16);
insert into supplierproducts (productid, supplierid) values (2, 25);
insert into supplierproducts (productid, supplierid) values (84, 21);
insert into supplierproducts (productid, supplierid) values (54, 20);
insert into supplierproducts (productid, supplierid) values (10, 5);
insert into supplierproducts (productid, supplierid) values (8, 17);
insert into supplierproducts (productid, supplierid) values (93, 13);
insert into supplierproducts (productid, supplierid) values (99, 3);
insert into supplierproducts (productid, supplierid) values (20, 22);
insert into supplierproducts (productid, supplierid) values (99, 12);
insert into supplierproducts (productid, supplierid) values (6, 15);
insert into supplierproducts (productid, supplierid) values (44, 14);
insert into supplierproducts (productid, supplierid) values (47, 4);
insert into supplierproducts (productid, supplierid) values (69, 12);
insert into supplierproducts (productid, supplierid) values (17, 14);
insert into supplierproducts (productid, supplierid) values (31, 2);
insert into supplierproducts (productid, supplierid) values (61, 20);
insert into supplierproducts (productid, supplierid) values (9, 10);
insert into supplierproducts (productid, supplierid) values (70, 8);
insert into supplierproducts (productid, supplierid) values (19, 3);
insert into supplierproducts (productid, supplierid) values (84, 15);
insert into supplierproducts (productid, supplierid) values (68, 11);
insert into supplierproducts (productid, supplierid) values (72, 25);
insert into supplierproducts (productid, supplierid) values (50, 9);
insert into supplierproducts (productid, supplierid) values (82, 7);
insert into supplierproducts (productid, supplierid) values (73, 1);
insert into supplierproducts (productid, supplierid) values (90, 18);
insert into supplierproducts (productid, supplierid) values (4, 1);
insert into supplierproducts (productid, supplierid) values (14, 15);
insert into supplierproducts (productid, supplierid) values (31, 25);
insert into supplierproducts (productid, supplierid) values (71, 4);
insert into supplierproducts (productid, supplierid) values (98, 18);
insert into supplierproducts (productid, supplierid) values (52, 19);
insert into supplierproducts (productid, supplierid) values (25, 2);
insert into supplierproducts (productid, supplierid) values (71, 25);