-- Product Data --

insert into product (productid, productname, description, price, qtyinstock) values (1, 'almond', 'Vivamus vestibulum sagittis sapien. Cum sociis natoque penatibus et magnis dis parturient montes, nascetur ridiculus mus.', '35.24', 24);
insert into product (productid, productname, description, price, qtyinstock) values (2, 'apple2', 'Nulla ac enim.', '25.52', 34);
insert into product (productid, productname, description, price, qtyinstock) values (3, 'apple_green', 'Donec semper sapien a libero. Nam dui.', '38.71', 94);
insert into product (productid, productname, description, price, qtyinstock) values (4, 'apple_red', 'Aliquam non mauris.', '64.05', 64);
insert into product (productid, productname, description, price, qtyinstock) values (5, 'apple_yellow', 'Integer aliquet, massa id lobortis convallis, tortor risus dapibus augue, vel accumsan tellus nisi eu orci. Mauris lacinia sapien quis libero. Nullam sit amet turpis elementum ligula vehicula consequat.', '38.32', 30);
insert into product (productid, productname, description, price, qtyinstock) values (6, 'artichoke', 'Maecenas tristique, est et tempus semper, est quam pharetra magna, ac consequat metus sapien ut nunc. Vestibulum ante ipsum primis in faucibus orci luctus et ultrices posuere cubilia Curae; Mauris viverra diam vitae quam. Suspendisse potenti.', '53.36', 25);
insert into product (productid, productname, description, price, qtyinstock) values (7, 'asparagus', 'Vivamus vel nulla eget eros elementum pellentesque. Quisque porta volutpat erat. Quisque erat eros, viverra eget, congue eget, semper rutrum, nulla.', '97.23', 27);
insert into product (productid, productname, description, price, qtyinstock) values (8, 'avocado', 'Donec ut mauris eget massa tempor convallis.', '46.61', 41);
insert into product (productid, productname, description, price, qtyinstock) values (9, 'avocado2', 'Morbi vestibulum, velit id pretium iaculis, diam erat fermentum justo, nec condimentum neque sapien placerat ante.', '30.58', 50);
insert into product (productid, productname, description, price, qtyinstock) values (10, 'bacon', 'Vivamus vel nulla eget eros elementum pellentesque.', '62.41', 69);
insert into product (productid, productname, description, price, qtyinstock) values (11, 'banana', 'Sed accumsan felis.', '20.88', 50);
insert into product (productid, productname, description, price, qtyinstock) values (12, 'banana_split', 'In hac habitasse platea dictumst. Aliquam augue quam, sollicitudin vitae, consectetuer eget, rutrum at, lorem. Integer tincidunt ante vel ipsum.', '3.45', 39);
insert into product (productid, productname, description, price, qtyinstock) values (13, 'barley', 'Curabitur convallis. Duis consequat dui nec nisi volutpat eleifend.', '9.31', 23);
insert into product (productid, productname, description, price, qtyinstock) values (14, 'beans', 'Donec vitae nisi. Nam ultrices, libero non mattis pulvinar, nulla pede ullamcorper augue, a suscipit nulla elit ac nulla. Sed vel enim sit amet nunc viverra dapibus.', '23.86', 38);
insert into product (productid, productname, description, price, qtyinstock) values (15, 'beef', 'Vivamus tortor. Duis mattis egestas metus. Aenean fermentum.', '77.56', 53);
insert into product (productid, productname, description, price, qtyinstock) values (16, 'beer', 'Vestibulum ante ipsum primis in faucibus orci luctus et ultrices posuere cubilia Curae; Mauris viverra diam vitae quam. Suspendisse potenti. Nullam porttitor lacus at turpis.', '73.66', 7);
insert into product (productid, productname, description, price, qtyinstock) values (17, 'beer_bottle', 'In hac habitasse platea dictumst. Etiam faucibus cursus urna.', '14.74', 4);
insert into product (productid, productname, description, price, qtyinstock) values (18, 'beetroot', 'Ut at dolor quis odio consequat varius. Integer ac leo. Pellentesque ultrices mattis odio.', '46.82', 36);
insert into product (productid, productname, description, price, qtyinstock) values (19, 'bell_pepper', 'Morbi non lectus.', '44.00', 41);
insert into product (productid, productname, description, price, qtyinstock) values (20, 'bell_pepper1', 'Nulla suscipit ligula in lacus. Curabitur at ipsum ac tellus semper interdum. Mauris ullamcorper purus sit amet nulla.', '16.41', 87);
insert into product (productid, productname, description, price, qtyinstock) values (21, 'bell_pepper2', 'Integer ac leo. Pellentesque ultrices mattis odio. Donec vitae nisi.', '54.20', 65);
insert into product (productid, productname, description, price, qtyinstock) values (22, 'bell_pepper_green', 'Etiam faucibus cursus urna.', '34.97', 98);
insert into product (productid, productname, description, price, qtyinstock) values (23, 'bell_pepper_yellow', 'Aenean fermentum. Donec ut mauris eget massa tempor convallis.', '60.62', 66);
insert into product (productid, productname, description, price, qtyinstock) values (24, 'birthday_cake', 'Fusce congue, diam id ornare imperdiet, sapien urna pretium nisl, ut volutpat sapien arcu sed augue. Aliquam erat volutpat.', '2.34', 29);
insert into product (productid, productname, description, price, qtyinstock) values (25, 'biscotti', 'Curabitur gravida nisi at nibh. In hac habitasse platea dictumst. Aliquam augue quam, sollicitudin vitae, consectetuer eget, rutrum at, lorem.', '10.92', 59);
insert into product (productid, productname, description, price, qtyinstock) values (26, 'blackberry', 'In hac habitasse platea dictumst. Etiam faucibus cursus urna.', '51.95', 46);
insert into product (productid, productname, description, price, qtyinstock) values (27, 'blueberry', 'Praesent blandit. Nam nulla. Integer pede justo, lacinia eget, tincidunt eget, tempus vel, pede.', '31.09', 3);
insert into product (productid, productname, description, price, qtyinstock) values (28, 'bowl_chopsticks', 'Morbi vestibulum, velit id pretium iaculis, diam erat fermentum justo, nec condimentum neque sapien placerat ante. Nulla justo. Aliquam quis turpis eget elit sodales scelerisque.', '92.96', 83);
insert into product (productid, productname, description, price, qtyinstock) values (29, 'brazil_nut', 'Cras non velit nec nisi vulputate nonummy. Maecenas tincidunt lacus at velit.', '64.70', 13);
insert into product (productid, productname, description, price, qtyinstock) values (30, 'bread', 'Sed ante.', '36.49', 9);
insert into product (productid, productname, description, price, qtyinstock) values (31, 'bread_slice', 'In tempor, turpis nec euismod scelerisque, quam turpis adipiscing lorem, vitae mattis nibh ligula nec sem. Duis aliquam convallis nunc.', '15.15', 43);
insert into product (productid, productname, description, price, qtyinstock) values (32, 'broccoli', 'Donec quis orci eget orci vehicula condimentum.', '62.86', 43);
insert into product (productid, productname, description, price, qtyinstock) values (33, 'brown_bread', 'Morbi vel lectus in quam fringilla rhoncus. Mauris enim leo, rhoncus sed, vestibulum sit amet, cursus id, turpis.', '85.67', 92);
insert into product (productid, productname, description, price, qtyinstock) values (34, 'bubblegum', 'Mauris lacinia sapien quis libero. Nullam sit amet turpis elementum ligula vehicula consequat.', '82.40', 37);
insert into product (productid, productname, description, price, qtyinstock) values (35, 'bubblegum_machine', 'Nam dui. Proin leo odio, porttitor id, consequat in, consequat ut, nulla.', '2.04', 89);
insert into product (productid, productname, description, price, qtyinstock) values (36, 'bun', 'Aliquam erat volutpat.', '93.28', 78);
insert into product (productid, productname, description, price, qtyinstock) values (37, 'butter', 'Aliquam quis turpis eget elit sodales scelerisque.', '65.94', 56);
insert into product (productid, productname, description, price, qtyinstock) values (38, 'cabbage', 'Mauris ullamcorper purus sit amet nulla.', '18.24', 89);
insert into product (productid, productname, description, price, qtyinstock) values (39, 'cake', 'Duis at velit eu est congue elementum. In hac habitasse platea dictumst.', '27.18', 61);
insert into product (productid, productname, description, price, qtyinstock) values (40, 'cake_slice', 'Vestibulum ante ipsum primis in faucibus orci luctus et ultrices posuere cubilia Curae; Duis faucibus accumsan odio. Curabitur convallis.', '71.75', 44);
insert into product (productid, productname, description, price, qtyinstock) values (41, 'cake_slice2', 'Vestibulum sed magna at nunc commodo placerat.', '30.45', 96);
insert into product (productid, productname, description, price, qtyinstock) values (42, 'candy', 'In est risus, auctor sed, tristique in, tempus sit amet, sem. Fusce consequat. Nulla nisl.', '75.36', 45);
insert into product (productid, productname, description, price, qtyinstock) values (43, 'candy_cane', 'In hac habitasse platea dictumst. Aliquam augue quam, sollicitudin vitae, consectetuer eget, rutrum at, lorem. Integer tincidunt ante vel ipsum.', '28.19', 92);
insert into product (productid, productname, description, price, qtyinstock) values (44, 'canned_food', 'Fusce consequat. Nulla nisl. Nunc nisl.', '95.69', 86);
insert into product (productid, productname, description, price, qtyinstock) values (45, 'cantaloupe', 'Curabitur in libero ut massa volutpat convallis. Morbi odio odio, elementum eu, interdum eu, tincidunt in, leo. Maecenas pulvinar lobortis est.', '88.69', 50);
insert into product (productid, productname, description, price, qtyinstock) values (46, 'cantaloupe1', 'Suspendisse potenti.', '2.99', 86);
insert into product (productid, productname, description, price, qtyinstock) values (47, 'cantaloupe2', 'In quis justo. Maecenas rhoncus aliquam lacus. Morbi quis tortor id nulla ultrices aliquet.', '81.73', 62);
insert into product (productid, productname, description, price, qtyinstock) values (48, 'caramel_apple', 'Sed accumsan felis. Ut at dolor quis odio consequat varius.', '35.02', 34);
insert into product (productid, productname, description, price, qtyinstock) values (49, 'carrot', 'Maecenas pulvinar lobortis est. Phasellus sit amet erat.', '87.33', 80);
insert into product (productid, productname, description, price, qtyinstock) values (50, 'cashew_nut', 'Nullam orci pede, venenatis non, sodales sed, tincidunt eu, felis.', '23.66', 28);
insert into product (productid, productname, description, price, qtyinstock) values (51, 'cassava', 'Donec dapibus.', '86.41', 48);
insert into product (productid, productname, description, price, qtyinstock) values (52, 'cassava2', 'Duis aliquam convallis nunc. Proin at turpis a pede posuere nonummy. Integer non velit.', '73.73', 98);
insert into product (productid, productname, description, price, qtyinstock) values (53, 'cauliflower', 'In quis justo.', '14.16', 54);
insert into product (productid, productname, description, price, qtyinstock) values (54, 'celery', 'Vestibulum ac est lacinia nisi venenatis tristique.', '61.04', 46);
insert into product (productid, productname, description, price, qtyinstock) values (55, 'champagne', 'Nulla ac enim. In tempor, turpis nec euismod scelerisque, quam turpis adipiscing lorem, vitae mattis nibh ligula nec sem.', '70.49', 24);
insert into product (productid, productname, description, price, qtyinstock) values (56, 'cheese_round', 'Nulla neque libero, convallis eget, eleifend luctus, ultricies eu, nibh. Quisque id justo sit amet sapien dignissim vestibulum.', '40.60', 70);
insert into product (productid, productname, description, price, qtyinstock) values (57, 'cheese_slice', 'Nunc rhoncus dui vel sem. Sed sagittis. Nam congue, risus semper porta volutpat, quam pede lobortis ligula, sit amet eleifend pede libero quis orci.', '69.09', 64);
insert into product (productid, productname, description, price, qtyinstock) values (58, 'cheese_wedge', 'Duis consequat dui nec nisi volutpat eleifend.', '98.78', 42);
insert into product (productid, productname, description, price, qtyinstock) values (59, 'cherry', 'Sed accumsan felis. Ut at dolor quis odio consequat varius.', '57.26', 34);
insert into product (productid, productname, description, price, qtyinstock) values (60, 'cherry_tomatoes', 'Curabitur in libero ut massa volutpat convallis.', '56.51', 23);
insert into product (productid, productname, description, price, qtyinstock) values (61, 'chestnut', 'Suspendisse potenti. Cras in purus eu magna vulputate luctus.', '21.78', 61);
insert into product (productid, productname, description, price, qtyinstock) values (62, 'chicken', 'Lorem ipsum dolor sit amet, consectetuer adipiscing elit.', '85.57', 95);
insert into product (productid, productname, description, price, qtyinstock) values (63, 'chicken_leg', 'Nunc nisl. Duis bibendum, felis sed interdum venenatis, turpis enim blandit mi, in porttitor pede justo eu massa. Donec dapibus.', '75.64', 14);
insert into product (productid, productname, description, price, qtyinstock) values (64, 'chickpeas', 'Donec semper sapien a libero.', '87.93', 54);
insert into product (productid, productname, description, price, qtyinstock) values (65, 'chili_pepper', 'Etiam justo. Etiam pretium iaculis justo. In hac habitasse platea dictumst.', '11.43', 49);
insert into product (productid, productname, description, price, qtyinstock) values (66, 'chocolate_bar', 'Nullam molestie nibh in lectus.', '1.52', 50);
insert into product (productid, productname, description, price, qtyinstock) values (67, 'chocolate_bonbon', 'Proin at turpis a pede posuere nonummy.', '50.68', 97);
insert into product (productid, productname, description, price, qtyinstock) values (68, 'chocolate_chip_cookie', 'Phasellus id sapien in sapien iaculis congue. Vivamus metus arcu, adipiscing molestie, hendrerit at, vulputate vitae, nisl.', '24.65', 40);
insert into product (productid, productname, description, price, qtyinstock) values (69, 'cocktail', 'Maecenas leo odio, condimentum id, luctus nec, molestie sed, justo.', '14.28', 100);
insert into product (productid, productname, description, price, qtyinstock) values (70, 'cocoa', 'Cras mi pede, malesuada in, imperdiet et, commodo vulputate, justo.', '74.21', 68);
insert into product (productid, productname, description, price, qtyinstock) values (71, 'coconut', 'Morbi sem mauris, laoreet ut, rhoncus aliquet, pulvinar sed, nisl.', '35.26', 3);
insert into product (productid, productname, description, price, qtyinstock) values (72, 'coconut2', 'Etiam faucibus cursus urna.', '58.61', 15);
insert into product (productid, productname, description, price, qtyinstock) values (73, 'coffee', 'Proin at turpis a pede posuere nonummy.', '3.99', 66);
insert into product (productid, productname, description, price, qtyinstock) values (74, 'coffee_bean', 'Donec diam neque, vestibulum eget, vulputate ut, ultrices vel, augue.', '32.19', 37);
insert into product (productid, productname, description, price, qtyinstock) values (75, 'coffee_pot', 'Vestibulum sed magna at nunc commodo placerat.', '36.20', 80);
insert into product (productid, productname, description, price, qtyinstock) values (76, 'cognac', 'Nulla ac enim. In tempor, turpis nec euismod scelerisque, quam turpis adipiscing lorem, vitae mattis nibh ligula nec sem.', '7.28', 99);
insert into product (productid, productname, description, price, qtyinstock) values (77, 'cola_drink', 'Morbi sem mauris, laoreet ut, rhoncus aliquet, pulvinar sed, nisl. Nunc rhoncus dui vel sem.', '91.04', 76);
insert into product (productid, productname, description, price, qtyinstock) values (78, 'cookie', 'Curabitur gravida nisi at nibh. In hac habitasse platea dictumst.', '13.74', 62);
insert into product (productid, productname, description, price, qtyinstock) values (79, 'cookie2', 'Morbi sem mauris, laoreet ut, rhoncus aliquet, pulvinar sed, nisl. Nunc rhoncus dui vel sem. Sed sagittis.', '12.26', 58);
insert into product (productid, productname, description, price, qtyinstock) values (80, 'corn_cob', 'Nunc nisl. Duis bibendum, felis sed interdum venenatis, turpis enim blandit mi, in porttitor pede justo eu massa.', '76.42', 28);
insert into product (productid, productname, description, price, qtyinstock) values (81, 'cotton_candy', 'Praesent lectus. Vestibulum quam sapien, varius ut, blandit non, interdum in, ante. Vestibulum ante ipsum primis in faucibus orci luctus et ultrices posuere cubilia Curae; Duis faucibus accumsan odio.', '51.79', 84);
insert into product (productid, productname, description, price, qtyinstock) values (82, 'crab', 'Nulla ut erat id mauris vulputate elementum. Nullam varius. Nulla facilisi.', '10.28', 15);
insert into product (productid, productname, description, price, qtyinstock) values (83, 'cracker', 'Nulla tellus.', '10.15', 75);
insert into product (productid, productname, description, price, qtyinstock) values (84, 'cranberry', 'Suspendisse accumsan tortor quis turpis. Sed ante. Vivamus tortor.', '7.63', 60);
insert into product (productid, productname, description, price, qtyinstock) values (85, 'croissant', 'In blandit ultrices enim.', '12.81', 95);
insert into product (productid, productname, description, price, qtyinstock) values (86, 'cucumber', 'Aliquam sit amet diam in magna bibendum imperdiet.', '63.18', 89);
insert into product (productid, productname, description, price, qtyinstock) values (87, 'cupcake', 'Nullam molestie nibh in lectus. Pellentesque at nulla.', '80.15', 21);
insert into product (productid, productname, description, price, qtyinstock) values (88, 'cutlet', 'Phasellus sit amet erat.', '9.25', 77);
insert into product (productid, productname, description, price, qtyinstock) values (89, 'double_popsicle', 'Pellentesque viverra pede ac diam. Cras pellentesque volutpat dui.', '91.63', 2);
insert into product (productid, productname, description, price, qtyinstock) values (90, 'doughnut', 'Nunc rhoncus dui vel sem. Sed sagittis. Nam congue, risus semper porta volutpat, quam pede lobortis ligula, sit amet eleifend pede libero quis orci.', '1.44', 99);
insert into product (productid, productname, description, price, qtyinstock) values (91, 'eclair', 'Nam nulla.', '83.09', 51);
insert into product (productid, productname, description, price, qtyinstock) values (92, 'egg', 'Morbi a ipsum.', '67.31', 22);
insert into product (productid, productname, description, price, qtyinstock) values (93, 'eggplant', 'Nunc rhoncus dui vel sem. Sed sagittis. Nam congue, risus semper porta volutpat, quam pede lobortis ligula, sit amet eleifend pede libero quis orci.', '7.19', 70);
insert into product (productid, productname, description, price, qtyinstock) values (94, 'eggplant2', 'Morbi vestibulum, velit id pretium iaculis, diam erat fermentum justo, nec condimentum neque sapien placerat ante.', '22.79', 36);
insert into product (productid, productname, description, price, qtyinstock) values (95, 'fig', 'Mauris ullamcorper purus sit amet nulla.', '79.91', 30);
insert into product (productid, productname, description, price, qtyinstock) values (96, 'fig2', 'Curabitur gravida nisi at nibh. In hac habitasse platea dictumst.', '88.68', 100);
insert into product (productid, productname, description, price, qtyinstock) values (97, 'filenames.txt fish', 'Cras pellentesque volutpat dui. Maecenas tristique, est et tempus semper, est quam pharetra magna, ac consequat metus sapien ut nunc.', '90.14', 18);
insert into product (productid, productname, description, price, qtyinstock) values (98, 'fish_fillet', 'Suspendisse potenti.', '79.74', 4);
insert into product (productid, productname, description, price, qtyinstock) values (99, 'flour', 'Vestibulum ac est lacinia nisi venenatis tristique. Fusce congue, diam id ornare imperdiet, sapien urna pretium nisl, ut volutpat sapien arcu sed augue.', '28.04', 24);
insert into product (productid, productname, description, price, qtyinstock) values (100, 'french_fries', 'Cras pellentesque volutpat dui. Maecenas tristique, est et tempus semper, est quam pharetra magna, ac consequat metus sapien ut nunc. Vestibulum ante ipsum primis in faucibus orci luctus et ultrices posuere cubilia Curae; Mauris viverra diam vitae quam.', '84.09', 98);
insert into product (productid, productname, description, price, qtyinstock) values (101, 'fried_chicken_leg', 'Nunc rhoncus dui vel sem. Sed sagittis.', '95.56', 43);
insert into product (productid, productname, description, price, qtyinstock) values (102, 'fried_egg', 'Nam nulla. Integer pede justo, lacinia eget, tincidunt eget, tempus vel, pede.', '46.30', 44);
insert into product (productid, productname, description, price, qtyinstock) values (103, 'frozen', 'Donec posuere metus vitae ipsum. Aliquam non mauris. Morbi non lectus.', '31.62', 42);
insert into product (productid, productname, description, price, qtyinstock) values (104, 'fruitcake', 'Donec odio justo, sollicitudin ut, suscipit a, feugiat et, eros. Vestibulum ac est lacinia nisi venenatis tristique.', '86.70', 95);
insert into product (productid, productname, description, price, qtyinstock) values (105, 'fruit_squash', 'Suspendisse potenti. In eleifend quam a odio.', '41.33', 6);
insert into product (productid, productname, description, price, qtyinstock) values (106, 'garlic', 'Lorem ipsum dolor sit amet, consectetuer adipiscing elit. Proin risus.', '0.29', 42);
insert into product (productid, productname, description, price, qtyinstock) values (107, 'glass_bottle', 'Pellentesque at nulla. Suspendisse potenti.', '36.06', 31);
insert into product (productid, productname, description, price, qtyinstock) values (108, 'glass_of_milk', 'Vestibulum ante ipsum primis in faucibus orci luctus et ultrices posuere cubilia Curae; Nulla dapibus dolor vel est.', '6.22', 58);
insert into product (productid, productname, description, price, qtyinstock) values (109, 'goldenberry', 'Pellentesque at nulla. Suspendisse potenti.', '91.38', 7);
insert into product (productid, productname, description, price, qtyinstock) values (110, 'grapefruit', 'Vestibulum ac est lacinia nisi venenatis tristique.', '75.47', 92);
insert into product (productid, productname, description, price, qtyinstock) values (111, 'grapefruit2', 'Nullam orci pede, venenatis non, sodales sed, tincidunt eu, felis. Fusce posuere felis sed lacus.', '62.49', 66);
insert into product (productid, productname, description, price, qtyinstock) values (112, 'grapes_green', 'Aliquam erat volutpat. In congue.', '14.75', 19);
insert into product (productid, productname, description, price, qtyinstock) values (113, 'grapes_red', 'Morbi vestibulum, velit id pretium iaculis, diam erat fermentum justo, nec condimentum neque sapien placerat ante. Nulla justo.', '60.35', 54);
insert into product (productid, productname, description, price, qtyinstock) values (114, 'green_beans', 'Suspendisse ornare consequat lectus. In est risus, auctor sed, tristique in, tempus sit amet, sem.', '75.45', 100);
insert into product (productid, productname, description, price, qtyinstock) values (115, 'ham', 'Aenean sit amet justo.', '35.26', 25);
insert into product (productid, productname, description, price, qtyinstock) values (116, 'hamburguer', 'Duis ac nibh. Fusce lacus purus, aliquet at, feugiat non, pretium quis, lectus.', '66.70', 52);
insert into product (productid, productname, description, price, qtyinstock) values (117, 'hard_boiled_egg', 'Vestibulum ante ipsum primis in faucibus orci luctus et ultrices posuere cubilia Curae; Nulla dapibus dolor vel est. Donec odio justo, sollicitudin ut, suscipit a, feugiat et, eros.', '82.14', 46);
insert into product (productid, productname, description, price, qtyinstock) values (118, 'hazelnut', 'Vivamus metus arcu, adipiscing molestie, hendrerit at, vulputate vitae, nisl. Aenean lectus. Pellentesque eget nunc.', '25.87', 88);
insert into product (productid, productname, description, price, qtyinstock) values (119, 'honey', 'Nam nulla. Integer pede justo, lacinia eget, tincidunt eget, tempus vel, pede. Morbi porttitor lorem id ligula.', '18.70', 36);
insert into product (productid, productname, description, price, qtyinstock) values (120, 'hotdog', 'Sed accumsan felis. Ut at dolor quis odio consequat varius. Integer ac leo.', '42.83', 3);
insert into product (productid, productname, description, price, qtyinstock) values (121, 'hot_chocolate', 'Nulla justo.', '43.41', 77);
insert into product (productid, productname, description, price, qtyinstock) values (122, 'ice_cream_bar', 'Morbi sem mauris, laoreet ut, rhoncus aliquet, pulvinar sed, nisl. Nunc rhoncus dui vel sem.', '29.44', 5);
insert into product (productid, productname, description, price, qtyinstock) values (123, 'ice_cream_cone', 'Fusce lacus purus, aliquet at, feugiat non, pretium quis, lectus. Suspendisse potenti. In eleifend quam a odio.', '10.25', 21);
insert into product (productid, productname, description, price, qtyinstock) values (124, 'ice_cream_cup', 'Fusce congue, diam id ornare imperdiet, sapien urna pretium nisl, ut volutpat sapien arcu sed augue. Aliquam erat volutpat. In congue.', '23.31', 75);
insert into product (productid, productname, description, price, qtyinstock) values (125, 'ice_cream_double_cone', 'Sed ante. Vivamus tortor. Duis mattis egestas metus.', '57.00', 71);
insert into product (productid, productname, description, price, qtyinstock) values (126, 'ice_cubes', 'Sed ante.', '85.85', 97);
insert into product (productid, productname, description, price, qtyinstock) values (127, 'jam', 'Vestibulum ante ipsum primis in faucibus orci luctus et ultrices posuere cubilia Curae; Duis faucibus accumsan odio. Curabitur convallis.', '34.81', 9);
insert into product (productid, productname, description, price, qtyinstock) values (128, 'ketchup', 'Ut at dolor quis odio consequat varius.', '88.41', 66);
insert into product (productid, productname, description, price, qtyinstock) values (129, 'kiwi2', 'Phasellus id sapien in sapien iaculis congue. Vivamus metus arcu, adipiscing molestie, hendrerit at, vulputate vitae, nisl.', '73.34', 46);
insert into product (productid, productname, description, price, qtyinstock) values (130, 'leek', 'Vivamus tortor. Duis mattis egestas metus.', '86.92', 49);
insert into product (productid, productname, description, price, qtyinstock) values (131, 'lemon', 'Ut tellus. Nulla ut erat id mauris vulputate elementum. Nullam varius.', '55.90', 17);
insert into product (productid, productname, description, price, qtyinstock) values (132, 'lemon2', 'Morbi vestibulum, velit id pretium iaculis, diam erat fermentum justo, nec condimentum neque sapien placerat ante. Nulla justo.', '31.26', 82);
insert into product (productid, productname, description, price, qtyinstock) values (133, 'lentils', 'Cum sociis natoque penatibus et magnis dis parturient montes, nascetur ridiculus mus. Etiam vel augue. Vestibulum rutrum rutrum neque.', '94.31', 97);
insert into product (productid, productname, description, price, qtyinstock) values (134, 'lettuce', 'Fusce lacus purus, aliquet at, feugiat non, pretium quis, lectus. Suspendisse potenti.', '33.88', 5);
insert into product (productid, productname, description, price, qtyinstock) values (135, 'lime', 'Donec posuere metus vitae ipsum. Aliquam non mauris.', '49.28', 98);
insert into product (productid, productname, description, price, qtyinstock) values (136, 'lime2', 'Nulla justo. Aliquam quis turpis eget elit sodales scelerisque.', '3.33', 21);
insert into product (productid, productname, description, price, qtyinstock) values (137, 'lobster', 'Nunc purus. Phasellus in felis.', '33.96', 53);
insert into product (productid, productname, description, price, qtyinstock) values (138, 'lollipop1', 'Fusce lacus purus, aliquet at, feugiat non, pretium quis, lectus. Suspendisse potenti.', '68.78', 57);
insert into product (productid, productname, description, price, qtyinstock) values (139, 'macadamia_nut', 'Praesent id massa id nisl venenatis lacinia.', '49.77', 39);
insert into product (productid, productname, description, price, qtyinstock) values (140, 'macaron', 'Donec quis orci eget orci vehicula condimentum.', '77.94', 52);
insert into product (productid, productname, description, price, qtyinstock) values (141, 'maple_syrup', 'Fusce consequat. Nulla nisl. Nunc nisl.', '81.30', 59);
insert into product (productid, productname, description, price, qtyinstock) values (142, 'maple_syrup2', 'Etiam pretium iaculis justo.', '59.36', 11);
insert into product (productid, productname, description, price, qtyinstock) values (143, 'marshmallow', 'Proin risus. Praesent lectus.', '88.55', 93);
insert into product (productid, productname, description, price, qtyinstock) values (144, 'mayonnaise', 'Duis mattis egestas metus. Aenean fermentum.', '15.33', 14);
insert into product (productid, productname, description, price, qtyinstock) values (145, 'meatballs', 'Donec ut dolor. Morbi vel lectus in quam fringilla rhoncus.', '85.99', 100);
insert into product (productid, productname, description, price, qtyinstock) values (146, 'milkshake', 'Donec ut mauris eget massa tempor convallis. Nulla neque libero, convallis eget, eleifend luctus, ultricies eu, nibh.', '1.47', 66);
insert into product (productid, productname, description, price, qtyinstock) values (147, 'milk_carton', 'In quis justo. Maecenas rhoncus aliquam lacus. Morbi quis tortor id nulla ultrices aliquet.', '35.92', 19);
insert into product (productid, productname, description, price, qtyinstock) values (148, 'milk_gallon', 'Curabitur at ipsum ac tellus semper interdum. Mauris ullamcorper purus sit amet nulla. Quisque arcu libero, rutrum ac, lobortis vel, dapibus at, diam.', '44.65', 75);
insert into product (productid, productname, description, price, qtyinstock) values (149, 'muffin', 'Phasellus sit amet erat.', '23.50', 55);
insert into product (productid, productname, description, price, qtyinstock) values (150, 'mushrooms', 'Proin eu mi. Nulla ac enim. In tempor, turpis nec euismod scelerisque, quam turpis adipiscing lorem, vitae mattis nibh ligula nec sem.', '99.61', 57);
insert into product (productid, productname, description, price, qtyinstock) values (151, 'mushrooms2', 'Sed ante. Vivamus tortor. Duis mattis egestas metus.', '70.67', 76);
insert into product (productid, productname, description, price, qtyinstock) values (152, 'mustard', 'In quis justo.', '99.22', 93);
insert into product (productid, productname, description, price, qtyinstock) values (153, 'MyFileList.csv noodles', 'Nullam molestie nibh in lectus.', '70.09', 3);
insert into product (productid, productname, description, price, qtyinstock) values (154, 'nut_cake', 'Lorem ipsum dolor sit amet, consectetuer adipiscing elit. Proin interdum mauris non ligula pellentesque ultrices.', '62.60', 34);
insert into product (productid, productname, description, price, qtyinstock) values (155, 'oats', 'Curabitur in libero ut massa volutpat convallis. Morbi odio odio, elementum eu, interdum eu, tincidunt in, leo.', '53.71', 92);
insert into product (productid, productname, description, price, qtyinstock) values (156, 'olives', 'Nam ultrices, libero non mattis pulvinar, nulla pede ullamcorper augue, a suscipit nulla elit ac nulla. Sed vel enim sit amet nunc viverra dapibus. Nulla suscipit ligula in lacus.', '86.46', 32);
insert into product (productid, productname, description, price, qtyinstock) values (157, 'olives_black', 'Nam nulla.', '93.22', 40);
insert into product (productid, productname, description, price, qtyinstock) values (158, 'omelette', 'In est risus, auctor sed, tristique in, tempus sit amet, sem. Fusce consequat. Nulla nisl.', '27.48', 29);
insert into product (productid, productname, description, price, qtyinstock) values (159, 'onion', 'Quisque id justo sit amet sapien dignissim vestibulum.', '6.87', 51);
insert into product (productid, productname, description, price, qtyinstock) values (160, 'onion_red', 'Suspendisse accumsan tortor quis turpis. Sed ante.', '73.57', 25);
insert into product (productid, productname, description, price, qtyinstock) values (161, 'onion_red2', 'In est risus, auctor sed, tristique in, tempus sit amet, sem. Fusce consequat.', '9.65', 87);
insert into product (productid, productname, description, price, qtyinstock) values (162, 'orange', 'Nulla ut erat id mauris vulputate elementum.', '81.79', 54);
insert into product (productid, productname, description, price, qtyinstock) values (163, 'orange2', 'Sed vel enim sit amet nunc viverra dapibus. Nulla suscipit ligula in lacus.', '14.99', 22);
insert into product (productid, productname, description, price, qtyinstock) values (164, 'orange_juice', 'Quisque id justo sit amet sapien dignissim vestibulum.', '36.87', 53);
insert into product (productid, productname, description, price, qtyinstock) values (165, 'pancake', 'Praesent blandit. Nam nulla.', '9.41', 79);
insert into product (productid, productname, description, price, qtyinstock) values (166, 'pancakes', 'Vestibulum ante ipsum primis in faucibus orci luctus et ultrices posuere cubilia Curae; Donec pharetra, magna vestibulum aliquet ultrices, erat tortor sollicitudin mi, sit amet lobortis sapien sapien non mi.', '79.35', 4);
insert into product (productid, productname, description, price, qtyinstock) values (167, 'papaya', 'Morbi sem mauris, laoreet ut, rhoncus aliquet, pulvinar sed, nisl.', '71.37', 4);
insert into product (productid, productname, description, price, qtyinstock) values (168, 'papaya2', 'Mauris sit amet eros. Suspendisse accumsan tortor quis turpis. Sed ante.', '50.73', 62);
insert into product (productid, productname, description, price, qtyinstock) values (169, 'peach', 'Nulla neque libero, convallis eget, eleifend luctus, ultricies eu, nibh.', '8.74', 57);
insert into product (productid, productname, description, price, qtyinstock) values (170, 'peach2', 'Donec odio justo, sollicitudin ut, suscipit a, feugiat et, eros. Vestibulum ac est lacinia nisi venenatis tristique.', '34.22', 95);
insert into product (productid, productname, description, price, qtyinstock) values (171, 'peanut', 'Nam nulla. Integer pede justo, lacinia eget, tincidunt eget, tempus vel, pede.', '55.86', 32);
insert into product (productid, productname, description, price, qtyinstock) values (172, 'peanut_butter', 'Praesent blandit. Nam nulla.', '74.54', 4);
insert into product (productid, productname, description, price, qtyinstock) values (173, 'pear_green', 'Suspendisse potenti. In eleifend quam a odio.', '22.64', 64);
insert into product (productid, productname, description, price, qtyinstock) values (174, 'pear_green2', 'Duis bibendum, felis sed interdum venenatis, turpis enim blandit mi, in porttitor pede justo eu massa. Donec dapibus. Duis at velit eu est congue elementum.', '1.13', 51);
insert into product (productid, productname, description, price, qtyinstock) values (175, 'pear_yellow', 'Praesent blandit. Nam nulla. Integer pede justo, lacinia eget, tincidunt eget, tempus vel, pede.', '0.63', 70);
insert into product (productid, productname, description, price, qtyinstock) values (176, 'peas', 'Nulla facilisi.', '28.12', 22);
insert into product (productid, productname, description, price, qtyinstock) values (177, 'pecan', 'Maecenas rhoncus aliquam lacus. Morbi quis tortor id nulla ultrices aliquet. Maecenas leo odio, condimentum id, luctus nec, molestie sed, justo.', '61.75', 16);
insert into product (productid, productname, description, price, qtyinstock) values (178, 'pepper_grinder', 'In hac habitasse platea dictumst.', '36.28', 55);
insert into product (productid, productname, description, price, qtyinstock) values (179, 'pepper_shaker', 'Duis bibendum.', '28.46', 75);
insert into product (productid, productname, description, price, qtyinstock) values (180, 'pickles', 'In sagittis dui vel nisl.', '46.29', 32);
insert into product (productid, productname, description, price, qtyinstock) values (181, 'pie', 'Sed accumsan felis.', '79.49', 65);
insert into product (productid, productname, description, price, qtyinstock) values (182, 'pie1', 'Donec ut dolor. Morbi vel lectus in quam fringilla rhoncus.', '33.57', 86);
insert into product (productid, productname, description, price, qtyinstock) values (183, 'pie_slice', 'Vestibulum quam sapien, varius ut, blandit non, interdum in, ante. Vestibulum ante ipsum primis in faucibus orci luctus et ultrices posuere cubilia Curae; Duis faucibus accumsan odio.', '85.24', 47);
insert into product (productid, productname, description, price, qtyinstock) values (184, 'pineapple', 'Nullam sit amet turpis elementum ligula vehicula consequat. Morbi a ipsum. Integer a nibh.', '93.30', 85);
insert into product (productid, productname, description, price, qtyinstock) values (185, 'pine_nuts', 'Nulla nisl. Nunc nisl. Duis bibendum, felis sed interdum venenatis, turpis enim blandit mi, in porttitor pede justo eu massa.', '93.81', 16);
insert into product (productid, productname, description, price, qtyinstock) values (186, 'pistachio', 'Vestibulum ante ipsum primis in faucibus orci luctus et ultrices posuere cubilia Curae; Duis faucibus accumsan odio. Curabitur convallis.', '60.80', 72);
insert into product (productid, productname, description, price, qtyinstock) values (187, 'pitahaya', 'Integer ac neque.', '58.55', 18);
insert into product (productid, productname, description, price, qtyinstock) values (188, 'pitahaya2', 'Quisque porta volutpat erat.', '27.10', 58);
insert into product (productid, productname, description, price, qtyinstock) values (189, 'pizza', 'Aliquam sit amet diam in magna bibendum imperdiet. Nullam orci pede, venenatis non, sodales sed, tincidunt eu, felis. Fusce posuere felis sed lacus.', '48.42', 18);
insert into product (productid, productname, description, price, qtyinstock) values (190, 'pizza_round', 'Morbi non quam nec dui luctus rutrum.', '48.68', 48);
insert into product (productid, productname, description, price, qtyinstock) values (191, 'plastic_bottle', 'Fusce congue, diam id ornare imperdiet, sapien urna pretium nisl, ut volutpat sapien arcu sed augue. Aliquam erat volutpat.', '90.03', 61);
insert into product (productid, productname, description, price, qtyinstock) values (192, 'plum', 'Nulla mollis molestie lorem. Quisque ut erat.', '77.16', 18);
insert into product (productid, productname, description, price, qtyinstock) values (193, 'plum2', 'Cum sociis natoque penatibus et magnis dis parturient montes, nascetur ridiculus mus.', '83.21', 75);
insert into product (productid, productname, description, price, qtyinstock) values (194, 'popcorn', 'Duis bibendum, felis sed interdum venenatis, turpis enim blandit mi, in porttitor pede justo eu massa.', '1.46', 100);
insert into product (productid, productname, description, price, qtyinstock) values (195, 'popsicle', 'Praesent lectus. Vestibulum quam sapien, varius ut, blandit non, interdum in, ante. Vestibulum ante ipsum primis in faucibus orci luctus et ultrices posuere cubilia Curae; Duis faucibus accumsan odio.', '10.37', 95);
insert into product (productid, productname, description, price, qtyinstock) values (196, 'pork', 'Donec ut dolor.', '56.44', 85);
insert into product (productid, productname, description, price, qtyinstock) values (197, 'portobello', 'Nam dui. Proin leo odio, porttitor id, consequat in, consequat ut, nulla.', '33.89', 51);
insert into product (productid, productname, description, price, qtyinstock) values (198, 'potato', 'Curabitur in libero ut massa volutpat convallis. Morbi odio odio, elementum eu, interdum eu, tincidunt in, leo.', '56.03', 20);
insert into product (productid, productname, description, price, qtyinstock) values (199, 'pretzel', 'Nunc purus. Phasellus in felis.', '86.84', 12);
insert into product (productid, productname, description, price, qtyinstock) values (200, 'pumpkin', 'Donec posuere metus vitae ipsum. Aliquam non mauris.', '80.86', 84);
insert into product (productid, productname, description, price, qtyinstock) values (201, 'pumpkin2', 'Morbi a ipsum. Integer a nibh.', '64.87', 58);
insert into product (productid, productname, description, price, qtyinstock) values (202, 'radish', 'Duis ac nibh. Fusce lacus purus, aliquet at, feugiat non, pretium quis, lectus. Suspendisse potenti.', '5.65', 85);
insert into product (productid, productname, description, price, qtyinstock) values (203, 'raspberry', 'Vestibulum ac est lacinia nisi venenatis tristique. Fusce congue, diam id ornare imperdiet, sapien urna pretium nisl, ut volutpat sapien arcu sed augue. Aliquam erat volutpat.', '0.32', 99);
insert into product (productid, productname, description, price, qtyinstock) values (204, 'rice', 'Phasellus in felis. Donec semper sapien a libero.', '99.31', 34);
insert into product (productid, productname, description, price, qtyinstock) values (205, 'rice_cracker', 'Integer aliquet, massa id lobortis convallis, tortor risus dapibus augue, vel accumsan tellus nisi eu orci. Mauris lacinia sapien quis libero. Nullam sit amet turpis elementum ligula vehicula consequat.', '39.53', 42);
insert into product (productid, productname, description, price, qtyinstock) values (206, 'roasted_chicken', 'Vestibulum ante ipsum primis in faucibus orci luctus et ultrices posuere cubilia Curae; Duis faucibus accumsan odio. Curabitur convallis.', '91.33', 98);
insert into product (productid, productname, description, price, qtyinstock) values (207, 'rocket_popsicle', 'Nullam varius. Nulla facilisi. Cras non velit nec nisi vulputate nonummy.', '8.80', 65);
insert into product (productid, productname, description, price, qtyinstock) values (208, 'rock_candy', 'Lorem ipsum dolor sit amet, consectetuer adipiscing elit. Proin interdum mauris non ligula pellentesque ultrices.', '76.64', 57);
insert into product (productid, productname, description, price, qtyinstock) values (209, 'romaine_lettuce', 'Cum sociis natoque penatibus et magnis dis parturient montes, nascetur ridiculus mus.', '66.81', 81);
insert into product (productid, productname, description, price, qtyinstock) values (210, 'rye', 'Etiam pretium iaculis justo. In hac habitasse platea dictumst. Etiam faucibus cursus urna.', '7.54', 52);
insert into product (productid, productname, description, price, qtyinstock) values (211, 'salad', 'Proin interdum mauris non ligula pellentesque ultrices. Phasellus id sapien in sapien iaculis congue.', '11.51', 21);
insert into product (productid, productname, description, price, qtyinstock) values (212, 'salmon_fillet', 'Nullam porttitor lacus at turpis.', '60.02', 62);
insert into product (productid, productname, description, price, qtyinstock) values (213, 'salmon_steak', 'Curabitur at ipsum ac tellus semper interdum. Mauris ullamcorper purus sit amet nulla.', '63.25', 100);
insert into product (productid, productname, description, price, qtyinstock) values (214, 'salt_shaker', 'Suspendisse potenti. In eleifend quam a odio.', '33.63', 68);
insert into product (productid, productname, description, price, qtyinstock) values (215, 'sandwich', 'Cum sociis natoque penatibus et magnis dis parturient montes, nascetur ridiculus mus. Vivamus vestibulum sagittis sapien. Cum sociis natoque penatibus et magnis dis parturient montes, nascetur ridiculus mus.', '84.90', 89);
insert into product (productid, productname, description, price, qtyinstock) values (216, 'sandwich2', 'Aliquam non mauris.', '52.55', 96);
insert into product (productid, productname, description, price, qtyinstock) values (217, 'sausage', 'Duis ac nibh. Fusce lacus purus, aliquet at, feugiat non, pretium quis, lectus.', '50.83', 34);
insert into product (productid, productname, description, price, qtyinstock) values (218, 'shrimp', 'Maecenas ut massa quis augue luctus tincidunt.', '18.27', 53);
insert into product (productid, productname, description, price, qtyinstock) values (219, 'skewer', 'Vestibulum ante ipsum primis in faucibus orci luctus et ultrices posuere cubilia Curae; Donec pharetra, magna vestibulum aliquet ultrices, erat tortor sollicitudin mi, sit amet lobortis sapien sapien non mi.', '42.29', 35);
insert into product (productid, productname, description, price, qtyinstock) values (220, 'sliced_bread', 'Ut at dolor quis odio consequat varius.', '80.40', 71);
insert into product (productid, productname, description, price, qtyinstock) values (221, 'soda_can', 'Aliquam quis turpis eget elit sodales scelerisque. Mauris sit amet eros.', '11.24', 71);
insert into product (productid, productname, description, price, qtyinstock) values (222, 'soft_cream_cone', 'Morbi vestibulum, velit id pretium iaculis, diam erat fermentum justo, nec condimentum neque sapien placerat ante. Nulla justo. Aliquam quis turpis eget elit sodales scelerisque.', '53.70', 30);
insert into product (productid, productname, description, price, qtyinstock) values (223, 'soft_drink', 'Curabitur gravida nisi at nibh. In hac habitasse platea dictumst.', '7.99', 55);
insert into product (productid, productname, description, price, qtyinstock) values (224, 'soup', 'Fusce posuere felis sed lacus. Morbi sem mauris, laoreet ut, rhoncus aliquet, pulvinar sed, nisl. Nunc rhoncus dui vel sem.', '83.36', 12);
insert into product (productid, productname, description, price, qtyinstock) values (225, 'spaghetti', 'Aenean sit amet justo. Morbi ut odio. Cras mi pede, malesuada in, imperdiet et, commodo vulputate, justo.', '61.27', 78);
insert into product (productid, productname, description, price, qtyinstock) values (226, 'squash', 'Curabitur at ipsum ac tellus semper interdum. Mauris ullamcorper purus sit amet nulla.', '70.10', 95);
insert into product (productid, productname, description, price, qtyinstock) values (227, 'squash2', 'Suspendisse ornare consequat lectus. In est risus, auctor sed, tristique in, tempus sit amet, sem.', '51.19', 51);
insert into product (productid, productname, description, price, qtyinstock) values (228, 'steak', 'Pellentesque eget nunc.', '77.16', 51);
insert into product (productid, productname, description, price, qtyinstock) values (229, 'steak_raw', 'Donec vitae nisi. Nam ultrices, libero non mattis pulvinar, nulla pede ullamcorper augue, a suscipit nulla elit ac nulla. Sed vel enim sit amet nunc viverra dapibus.', '5.10', 34);
insert into product (productid, productname, description, price, qtyinstock) values (230, 'strawberry', 'Nam nulla.', '94.57', 61);
insert into product (productid, productname, description, price, qtyinstock) values (231, 'sugarcane', 'Vestibulum ante ipsum primis in faucibus orci luctus et ultrices posuere cubilia Curae; Donec pharetra, magna vestibulum aliquet ultrices, erat tortor sollicitudin mi, sit amet lobortis sapien sapien non mi. Integer ac neque.', '33.71', 48);
insert into product (productid, productname, description, price, qtyinstock) values (232, 'sugar_cubes', 'Vestibulum sed magna at nunc commodo placerat. Praesent blandit.', '71.28', 3);
insert into product (productid, productname, description, price, qtyinstock) values (233, 'sundae', 'Etiam faucibus cursus urna.', '7.56', 85);
insert into product (productid, productname, description, price, qtyinstock) values (234, 'sushi_maki', 'Sed vel enim sit amet nunc viverra dapibus. Nulla suscipit ligula in lacus.', '92.48', 35);
insert into product (productid, productname, description, price, qtyinstock) values (235, 'sushi_nigiri', 'Maecenas pulvinar lobortis est. Phasellus sit amet erat. Nulla tempus.', '70.92', 52);
insert into product (productid, productname, description, price, qtyinstock) values (236, 'sweet_potato', 'Integer ac leo. Pellentesque ultrices mattis odio.', '46.06', 6);
insert into product (productid, productname, description, price, qtyinstock) values (237, 'sweet_potato2', 'Aenean lectus. Pellentesque eget nunc. Donec quis orci eget orci vehicula condimentum.', '85.80', 99);
insert into product (productid, productname, description, price, qtyinstock) values (238, 'tangerine', 'Donec semper sapien a libero. Nam dui.', '83.51', 12);
insert into product (productid, productname, description, price, qtyinstock) values (239, 'tea', 'Integer tincidunt ante vel ipsum.', '88.28', 46);
insert into product (productid, productname, description, price, qtyinstock) values (240, 'teabag', 'Integer ac leo.', '20.77', 12);
insert into product (productid, productname, description, price, qtyinstock) values (241, 'teapot', 'Vivamus in felis eu sapien cursus vestibulum.', '50.37', 61);
insert into product (productid, productname, description, price, qtyinstock) values (242, 'tea_kettle', 'Maecenas ut massa quis augue luctus tincidunt.', '41.59', 88);
insert into product (productid, productname, description, price, qtyinstock) values (243, 'toast', 'Mauris sit amet eros. Suspendisse accumsan tortor quis turpis.', '89.09', 2);
insert into product (productid, productname, description, price, qtyinstock) values (244, 'toast_marmalade', 'Proin at turpis a pede posuere nonummy.', '8.63', 65);
insert into product (productid, productname, description, price, qtyinstock) values (245, 'tomato', 'Integer a nibh.', '8.88', 11);
insert into product (productid, productname, description, price, qtyinstock) values (246, 'tomato2', 'Integer non velit. Donec diam neque, vestibulum eget, vulputate ut, ultrices vel, augue.', '90.02', 40);
insert into product (productid, productname, description, price, qtyinstock) values (247, 'turnip', 'Nam tristique tortor eu pede.', '43.21', 56);
insert into product (productid, productname, description, price, qtyinstock) values (248, 't_bone_steak', 'Morbi sem mauris, laoreet ut, rhoncus aliquet, pulvinar sed, nisl.', '44.16', 4);
insert into product (productid, productname, description, price, qtyinstock) values (249, 't_bone_steak_raw', 'Cum sociis natoque penatibus et magnis dis parturient montes, nascetur ridiculus mus.', '48.92', 96);
insert into product (productid, productname, description, price, qtyinstock) values (250, 'wafer', 'Quisque id justo sit amet sapien dignissim vestibulum. Vestibulum ante ipsum primis in faucibus orci luctus et ultrices posuere cubilia Curae; Nulla dapibus dolor vel est. Donec odio justo, sollicitudin ut, suscipit a, feugiat et, eros.', '72.67', 67);
insert into product (productid, productname, description, price, qtyinstock) values (251, 'waffle', 'Donec odio justo, sollicitudin ut, suscipit a, feugiat et, eros. Vestibulum ac est lacinia nisi venenatis tristique.', '32.27', 43);
insert into product (productid, productname, description, price, qtyinstock) values (252, 'walnut', 'Integer non velit. Donec diam neque, vestibulum eget, vulputate ut, ultrices vel, augue.', '90.59', 87);
insert into product (productid, productname, description, price, qtyinstock) values (253, 'watermelon', 'Maecenas tincidunt lacus at velit. Vivamus vel nulla eget eros elementum pellentesque. Quisque porta volutpat erat.', '97.49', 71);
insert into product (productid, productname, description, price, qtyinstock) values (254, 'watermelon1', 'Etiam faucibus cursus urna.', '24.73', 11);
insert into product (productid, productname, description, price, qtyinstock) values (255, 'watermelon2', 'Vivamus vel nulla eget eros elementum pellentesque. Quisque porta volutpat erat.', '78.80', 34);
insert into product (productid, productname, description, price, qtyinstock) values (256, 'wedding_cake', 'In quis justo. Maecenas rhoncus aliquam lacus. Morbi quis tortor id nulla ultrices aliquet.', '53.73', 6);
insert into product (productid, productname, description, price, qtyinstock) values (257, 'wheat', 'Aliquam sit amet diam in magna bibendum imperdiet. Nullam orci pede, venenatis non, sodales sed, tincidunt eu, felis. Fusce posuere felis sed lacus.', '33.35', 63);
insert into product (productid, productname, description, price, qtyinstock) values (258, 'whisky_bottle', 'Proin eu mi. Nulla ac enim.', '62.34', 10);
insert into product (productid, productname, description, price, qtyinstock) values (259, 'whisky_glass', 'Morbi ut odio.', '69.83', 47);
insert into product (productid, productname, description, price, qtyinstock) values (260, 'whole_grain_bread', 'Vestibulum ac est lacinia nisi venenatis tristique. Fusce congue, diam id ornare imperdiet, sapien urna pretium nisl, ut volutpat sapien arcu sed augue.', '57.36', 83);
insert into product (productid, productname, description, price, qtyinstock) values (261, 'wine_bottle', 'Suspendisse ornare consequat lectus. In est risus, auctor sed, tristique in, tempus sit amet, sem.', '95.86', 92);
insert into product (productid, productname, description, price, qtyinstock) values (262, 'wine_cup', 'Maecenas leo odio, condimentum id, luctus nec, molestie sed, justo. Pellentesque viverra pede ac diam. Cras pellentesque volutpat dui.', '39.70', 3);
insert into product (productid, productname, description, price, qtyinstock) values (263, 'wine_cup2', 'Nam dui. Proin leo odio, porttitor id, consequat in, consequat ut, nulla.', '32.57', 1);
insert into product (productid, productname, description, price, qtyinstock) values (264, 'almond', 'Suspendisse potenti. Cras in purus eu magna vulputate luctus.', '76.92', 51);
insert into product (productid, productname, description, price, qtyinstock) values (265, 'apple2', 'Duis at velit eu est congue elementum. In hac habitasse platea dictumst.', '82.37', 10);


-- SupplierData--

insert into supplier (supplierid, suppliername, address, city, state, zipcode, phonenumber) values (1, 'Realfire', '4 Sunfield Alley', 'Mansfield', 'OH', 84530, '419-519-9552');
insert into supplier (supplierid, suppliername, address, city, state, zipcode, phonenumber) values (2, 'Browsezoom', '4626 Nevada Center', 'Montgomery', 'AL', 27674, '334-428-3564');
insert into supplier (supplierid, suppliername, address, city, state, zipcode, phonenumber) values (3, 'Jabberstorm', '2 Dawn Terrace', 'North Port', 'FL', 79856, '941-407-7779');
insert into supplier (supplierid, suppliername, address, city, state, zipcode, phonenumber) values (4, 'Trudoo', '94450 Randy Parkway', 'Tacoma', 'WA', 25827, '253-364-1504');
insert into supplier (supplierid, suppliername, address, city, state, zipcode, phonenumber) values (5, 'Jaxworks', '973 Huxley Junction', 'Denver', 'CO', 17085, '720-617-3949');
insert into supplier (supplierid, suppliername, address, city, state, zipcode, phonenumber) values (6, 'Linktype', '166 Westport Park', 'Houston', 'TX', 17472, '832-327-1655');
insert into supplier (supplierid, suppliername, address, city, state, zipcode, phonenumber) values (7, 'Kaymbo', '6 Shasta Way', 'Wichita', 'KS', 33615, '316-113-6381');
insert into supplier (supplierid, suppliername, address, city, state, zipcode, phonenumber) values (8, 'Kamba', '4 Mitchell Court', 'Philadelphia', 'PA', 38385, '215-302-7339');
insert into supplier (supplierid, suppliername, address, city, state, zipcode, phonenumber) values (9, 'Realfire', '17508 Grim Way', 'San Antonio', 'TX', 81949, '210-380-8412');
insert into supplier (supplierid, suppliername, address, city, state, zipcode, phonenumber) values (10, 'Roombo', '081 Merry Point', 'Saint Louis', 'MO', 77934, '314-946-5511');
insert into supplier (supplierid, suppliername, address, city, state, zipcode, phonenumber) values (11, 'Centimia', '0 Express Park', 'Charlotte', 'NC', 75040, '704-586-2182');
insert into supplier (supplierid, suppliername, address, city, state, zipcode, phonenumber) values (12, 'Quamba', '9339 Haas Center', 'Buffalo', 'NY', 17418, '716-459-3580');
insert into supplier (supplierid, suppliername, address, city, state, zipcode, phonenumber) values (13, 'Wikibox', '1 Norway Maple Park', 'Ogden', 'UT', 98690, '801-334-4501');
insert into supplier (supplierid, suppliername, address, city, state, zipcode, phonenumber) values (14, 'Leenti', '2 Mayfield Park', 'Huntsville', 'AL', 84897, '256-903-6315');
insert into supplier (supplierid, suppliername, address, city, state, zipcode, phonenumber) values (15, 'Dabjam', '2 Longview Lane', 'Memphis', 'TN', 72747, '901-777-1396');
insert into supplier (supplierid, suppliername, address, city, state, zipcode, phonenumber) values (16, 'Yakitri', '3668 Monica Plaza', 'Brooklyn', 'NY', 97752, '718-416-9948');
insert into supplier (supplierid, suppliername, address, city, state, zipcode, phonenumber) values (17, 'Skidoo', '03722 Jay Plaza', 'Wilmington', 'DE', 85152, '302-332-0920');
insert into supplier (supplierid, suppliername, address, city, state, zipcode, phonenumber) values (18, 'Ailane', '76 Melody Hill', 'Lake Charles', 'LA', 46661, '337-821-4935');
insert into supplier (supplierid, suppliername, address, city, state, zipcode, phonenumber) values (19, 'Rhycero', '5 Dahle Hill', 'Stockton', 'CA', 56872, '209-123-9059');
insert into supplier (supplierid, suppliername, address, city, state, zipcode, phonenumber) values (20, 'Realfire', '872 Daystar Lane', 'Orlando', 'FL', 64614, '407-994-6568');
insert into supplier (supplierid, suppliername, address, city, state, zipcode, phonenumber) values (21, 'Rhybox', '9629 Bayside Lane', 'Texarkana', 'TX', 96984, '903-970-5801');
insert into supplier (supplierid, suppliername, address, city, state, zipcode, phonenumber) values (22, 'Flashset', '029 Hansons Lane', 'Wilmington', 'DE', 94433, '302-587-5076');
insert into supplier (supplierid, suppliername, address, city, state, zipcode, phonenumber) values (23, 'Skinix', '666 Parkside Place', 'New Orleans', 'LA', 25254, '504-788-1167');
insert into supplier (supplierid, suppliername, address, city, state, zipcode, phonenumber) values (24, 'Blognation', '896 Fairview Way', 'New York City', 'NY', 85446, '347-424-3303');
insert into supplier (supplierid, suppliername, address, city, state, zipcode, phonenumber) values (25, 'Fiveclub', '41062 Corry Avenue', 'Pasadena', 'CA', 60895, '626-895-0813');

--Shopper Data--

insert into shopper (shopperid, firstname, lastname, billingaddress, billingcity, billingstate, billingzip, shippingaddress, shippingcity, shippingstate, shippingzipcode, phonenumber, paymethod) values (1, 'Van', 'Gurrado', '557 Thackeray Street', 'Tuscaloosa', 'AL', 42376, '4774 Ridgeway Crossing', 'El Paso', 'TX', 69362, '205-497-5149', 'Cash');
insert into shopper (shopperid, firstname, lastname, billingaddress, billingcity, billingstate, billingzip, shippingaddress, shippingcity, shippingstate, shippingzipcode, phonenumber, paymethod) values (2, 'Bay', 'Giroldo', '5125 Sachtjen Alley', 'Conroe', 'TX', 66055, '0 Esker Alley', 'Montgomery', 'AL', 95734, '936-579-3633', 'Card');
insert into shopper (shopperid, firstname, lastname, billingaddress, billingcity, billingstate, billingzip, shippingaddress, shippingcity, shippingstate, shippingzipcode, phonenumber, paymethod) values (3, 'Ryley', 'Kop', '16 Crowley Crossing', 'Rochester', 'NY', 13303, '6699 Bultman Way', 'Savannah', 'GA', 20466, '585-479-1617', 'Card');
insert into shopper (shopperid, firstname, lastname, billingaddress, billingcity, billingstate, billingzip, shippingaddress, shippingcity, shippingstate, shippingzipcode, phonenumber, paymethod) values (4, 'Gilbert', 'O''Sheilds', '530 Barby Parkway', 'Boise', 'ID', 46442, '9647 Bunting Center', 'Crawfordsville', 'IN', 69213, '208-950-0510', 'Card');
insert into shopper (shopperid, firstname, lastname, billingaddress, billingcity, billingstate, billingzip, shippingaddress, shippingcity, shippingstate, shippingzipcode, phonenumber, paymethod) values (5, 'Gaylene', 'Winckle', '9 Village Plaza', 'Utica', 'NY', 10416, '85932 Bunting Road', 'Topeka', 'KS', 97747, '315-446-8033', 'Cash');
insert into shopper (shopperid, firstname, lastname, billingaddress, billingcity, billingstate, billingzip, shippingaddress, shippingcity, shippingstate, shippingzipcode, phonenumber, paymethod) values (6, 'Brandon', 'Bauman', '80090 Dennis Pass', 'Atlanta', 'GA', 57205, '10240 Farragut Pass', 'Mesquite', 'TX', 34108, '404-758-7849', 'Cash');
insert into shopper (shopperid, firstname, lastname, billingaddress, billingcity, billingstate, billingzip, shippingaddress, shippingcity, shippingstate, shippingzipcode, phonenumber, paymethod) values (7, 'Alley', 'Volcker', '90 School Place', 'Saint Paul', 'MN', 99027, '09 Laurel Junction', 'Austin', 'TX', 17853, '651-352-1703', 'Cash');
insert into shopper (shopperid, firstname, lastname, billingaddress, billingcity, billingstate, billingzip, shippingaddress, shippingcity, shippingstate, shippingzipcode, phonenumber, paymethod) values (8, 'Christoph', 'Dalyiel', '5 Northland Street', 'Arlington', 'TX', 88361, '40749 Scoville Junction', 'Dallas', 'TX', 78946, '817-708-8861', 'Check');
insert into shopper (shopperid, firstname, lastname, billingaddress, billingcity, billingstate, billingzip, shippingaddress, shippingcity, shippingstate, shippingzipcode, phonenumber, paymethod) values (9, 'Kimmie', 'Petzold', '8847 Steensland Trail', 'Grand Forks', 'ND', 97876, '29 Loomis Alley', 'Sioux Falls', 'SD', 69024, '701-380-0385', 'Cash');
insert into shopper (shopperid, firstname, lastname, billingaddress, billingcity, billingstate, billingzip, shippingaddress, shippingcity, shippingstate, shippingzipcode, phonenumber, paymethod) values (10, 'Lily', 'Tennison', '39 Dovetail Avenue', 'Denver', 'CO', 99750, '0103 Tennyson Pass', 'El Paso', 'TX', 78905, '303-100-5997', 'Cash');

--supplierproduct Join Table data--

insert into supplierproducts (productid, supplierid) values (39, 16);
insert into supplierproducts (productid, supplierid) values (38, 14);
insert into supplierproducts (productid, supplierid) values (98, 22);
insert into supplierproducts (productid, supplierid) values (72, 7);
insert into supplierproducts (productid, supplierid) values (51, 20);
insert into supplierproducts (productid, supplierid) values (47, 6);
insert into supplierproducts (productid, supplierid) values (82, 10);
insert into supplierproducts (productid, supplierid) values (2, 19);
insert into supplierproducts (productid, supplierid) values (1, 25);
insert into supplierproducts (productid, supplierid) values (51, 25);
insert into supplierproducts (productid, supplierid) values (52, 5);
insert into supplierproducts (productid, supplierid) values (89, 21);
insert into supplierproducts (productid, supplierid) values (37, 9);
insert into supplierproducts (productid, supplierid) values (33, 3);
insert into supplierproducts (productid, supplierid) values (67, 3);
insert into supplierproducts (productid, supplierid) values (77, 8);
insert into supplierproducts (productid, supplierid) values (14, 12);
insert into supplierproducts (productid, supplierid) values (74, 2);
insert into supplierproducts (productid, supplierid) values (27, 2);
insert into supplierproducts (productid, supplierid) values (66, 3);
insert into supplierproducts (productid, supplierid) values (97, 19);
insert into supplierproducts (productid, supplierid) values (70, 15);
insert into supplierproducts (productid, supplierid) values (37, 11);
insert into supplierproducts (productid, supplierid) values (38, 25);
insert into supplierproducts (productid, supplierid) values (38, 16);
insert into supplierproducts (productid, supplierid) values (46, 17);
insert into supplierproducts (productid, supplierid) values (85, 19);
insert into supplierproducts (productid, supplierid) values (23, 21);
insert into supplierproducts (productid, supplierid) values (85, 18);
insert into supplierproducts (productid, supplierid) values (6, 10);
insert into supplierproducts (productid, supplierid) values (96, 22);
insert into supplierproducts (productid, supplierid) values (29, 16);
insert into supplierproducts (productid, supplierid) values (97, 20);
insert into supplierproducts (productid, supplierid) values (97, 10);
insert into supplierproducts (productid, supplierid) values (5, 15);
insert into supplierproducts (productid, supplierid) values (97, 16);
insert into supplierproducts (productid, supplierid) values (32, 2);
insert into supplierproducts (productid, supplierid) values (72, 15);
insert into supplierproducts (productid, supplierid) values (89, 15);
insert into supplierproducts (productid, supplierid) values (56, 23);
insert into supplierproducts (productid, supplierid) values (32, 20);
insert into supplierproducts (productid, supplierid) values (91, 6);
insert into supplierproducts (productid, supplierid) values (53, 10);
insert into supplierproducts (productid, supplierid) values (15, 24);
insert into supplierproducts (productid, supplierid) values (8, 24);
insert into supplierproducts (productid, supplierid) values (5, 5);
insert into supplierproducts (productid, supplierid) values (91, 1);
insert into supplierproducts (productid, supplierid) values (98, 17);
insert into supplierproducts (productid, supplierid) values (93, 16);
insert into supplierproducts (productid, supplierid) values (91, 20);
insert into supplierproducts (productid, supplierid) values (78, 23);
insert into supplierproducts (productid, supplierid) values (14, 23);
insert into supplierproducts (productid, supplierid) values (38, 7);
insert into supplierproducts (productid, supplierid) values (77, 13);
insert into supplierproducts (productid, supplierid) values (46, 21);
insert into supplierproducts (productid, supplierid) values (39, 25);
insert into supplierproducts (productid, supplierid) values (89, 4);
insert into supplierproducts (productid, supplierid) values (75, 11);
insert into supplierproducts (productid, supplierid) values (59, 3);
insert into supplierproducts (productid, supplierid) values (69, 8);
insert into supplierproducts (productid, supplierid) values (21, 21);
insert into supplierproducts (productid, supplierid) values (50, 16);
insert into supplierproducts (productid, supplierid) values (52, 21);
insert into supplierproducts (productid, supplierid) values (91, 12);
insert into supplierproducts (productid, supplierid) values (69, 24);
insert into supplierproducts (productid, supplierid) values (33, 16);
insert into supplierproducts (productid, supplierid) values (2, 25);
insert into supplierproducts (productid, supplierid) values (84, 21);
insert into supplierproducts (productid, supplierid) values (54, 20);
insert into supplierproducts (productid, supplierid) values (10, 5);
insert into supplierproducts (productid, supplierid) values (8, 17);
insert into supplierproducts (productid, supplierid) values (93, 13);
insert into supplierproducts (productid, supplierid) values (99, 3);
insert into supplierproducts (productid, supplierid) values (20, 22);
insert into supplierproducts (productid, supplierid) values (99, 12);
insert into supplierproducts (productid, supplierid) values (6, 15);
insert into supplierproducts (productid, supplierid) values (44, 14);
insert into supplierproducts (productid, supplierid) values (47, 4);
insert into supplierproducts (productid, supplierid) values (69, 12);
insert into supplierproducts (productid, supplierid) values (17, 14);
insert into supplierproducts (productid, supplierid) values (31, 2);
insert into supplierproducts (productid, supplierid) values (61, 20);
insert into supplierproducts (productid, supplierid) values (9, 10);
insert into supplierproducts (productid, supplierid) values (70, 8);
insert into supplierproducts (productid, supplierid) values (19, 3);
insert into supplierproducts (productid, supplierid) values (84, 15);
insert into supplierproducts (productid, supplierid) values (68, 11);
insert into supplierproducts (productid, supplierid) values (72, 25);
insert into supplierproducts (productid, supplierid) values (50, 9);
insert into supplierproducts (productid, supplierid) values (82, 7);
insert into supplierproducts (productid, supplierid) values (73, 1);
insert into supplierproducts (productid, supplierid) values (90, 18);
insert into supplierproducts (productid, supplierid) values (4, 1);
insert into supplierproducts (productid, supplierid) values (14, 15);
insert into supplierproducts (productid, supplierid) values (31, 25);
insert into supplierproducts (productid, supplierid) values (71, 4);
insert into supplierproducts (productid, supplierid) values (98, 18);
insert into supplierproducts (productid, supplierid) values (52, 19);
insert into supplierproducts (productid, supplierid) values (25, 2);
insert into supplierproducts (productid, supplierid) values (71, 25);

INSERT INTO user (id, password, role, username)
    VALUES  ('1', 'userpass', 'user', 'MrShopper'),
            ('2', 'keeperpass', 'shopkeeper', 'MrShopkeeper'),
            ('3', 'adminpass', 'admin', 'MrAdmin');